{
  "Dense Only": {
    "mrr": 0.9555555555555556,
    "p5": 0.2,
    "ndcg10": 0.9671937558730185,
    "latency_ms": 1224.9896120892824,
    "category_breakdown": {
      "keyword": {
        "mrr": 0.9,
        "p5": 0.2,
        "ndcg10": 0.9261859507142916
      },
      "semantic": {
        "mrr": 0.9821428571428571,
        "p5": 0.2,
        "ndcg10": 0.9868189197704093
      },
      "hybrid": {
        "mrr": 0.9166666666666666,
        "p5": 0.20000000000000004,
        "ndcg10": 0.9384882922619097
      }
    }
  },
  "Sparse Only": {
    "mrr": 0.37777777777777777,
    "p5": 0.07555555555555557,
    "ndcg10": 0.37777777777777777,
    "latency_ms": 6.477816888784421,
    "category_breakdown": {
      "keyword": {
        "mrr": 0.6,
        "p5": 0.12000000000000002,
        "ndcg10": 0.6
      },
      "semantic": {
        "mrr": 0.32142857142857145,
        "p5": 0.0642857142857143,
        "ndcg10": 0.32142857142857145
      },
      "hybrid": {
        "mrr": 0.4166666666666667,
        "p5": 0.08333333333333333,
        "ndcg10": 0.4166666666666667
      }
    }
  },
  "Hybrid RRF": {
    "mrr": 0.9666666666666667,
    "p5": 0.2,
    "ndcg10": 0.9753953169047639,
    "latency_ms": 15.60805493386902,
    "category_breakdown": {
      "keyword": {
        "mrr": 1.0,
        "p5": 0.2,
        "ndcg10": 1.0
      },
      "semantic": {
        "mrr": 0.9821428571428571,
        "p5": 0.2,
        "ndcg10": 0.9868189197704093
      },
      "hybrid": {
        "mrr": 0.9166666666666666,
        "p5": 0.20000000000000004,
        "ndcg10": 0.9384882922619097
      }
    }
  },
  "Hybrid + Rerank": {
    "mrr": 0.9666666666666667,
    "p5": 0.2,
    "ndcg10": 0.9753953169047639,
    "latency_ms": 22.48714006725802,
    "category_breakdown": {
      "keyword": {
        "mrr": 1.0,
        "p5": 0.2,
        "ndcg10": 1.0
      },
      "semantic": {
        "mrr": 0.9821428571428571,
        "p5": 0.2,
        "ndcg10": 0.9868189197704093
      },
      "hybrid": {
        "mrr": 0.9166666666666666,
        "p5": 0.20000000000000004,
        "ndcg10": 0.9384882922619097
      }
    },
    "stage_latencies_ms": {
      "query_embedding": 0.31709744459173334,
      "dense_retrieval": 22.023222666110897,
      "sparse_retrieval": 2.8074978225049563,
      "rrf_fusion": 0.048539867404744856,
      "reranking": 0.09828008915064856
    }
  },
  "Hybrid + Rerank (Chunk=256)": {
    "mrr": 0.7666666666666667,
    "p5": 0.17777777777777778,
    "ndcg10": 0.7986717175396897,
    "latency_ms": 24.1602483102017,
    "category_breakdown": {
      "keyword": {
        "mrr": 0.8,
        "p5": 0.2,
        "ndcg10": 0.8523719014285831
      },
      "semantic": {
        "mrr": 0.75,
        "p5": 0.17857142857142858,
        "ndcg10": 0.7874085010204165
      },
      "hybrid": {
        "mrr": 0.7916666666666666,
        "p5": 0.16666666666666666,
        "ndcg10": 0.8025774794642881
      }
    },
    "stage_latencies_ms": {
      "query_embedding": 0.355991755592792,
      "dense_retrieval": 23.67376786666379,
      "sparse_retrieval": 2.548817532887268,
      "rrf_fusion": 0.06710297780551223,
      "reranking": 0.06338571013960366
    }
  }
}