{
  "Dense Only": {
    "mrr": 0.9370370370370369,
    "p5": 0.2,
    "ndcg10": 0.9531730946825415,
    "latency_ms": 9.996029555548425,
    "category_breakdown": {
      "keyword": {
        "mrr": 1.0,
        "p5": 0.2,
        "ndcg10": 1.0
      },
      "semantic": {
        "mrr": 0.9166666666666666,
        "p5": 0.2,
        "ndcg10": 0.9379235538265327
      },
      "hybrid": {
        "mrr": 0.9583333333333334,
        "p5": 0.2,
        "ndcg10": 0.9692441461309548
      }
    },
    "measurement": {
      "query_count": 45,
      "warmup_runs": 1,
      "measured_runs": 3,
      "measured_query_count": 135,
      "latency_ms": "mean per query across measured runs after warm-up"
    }
  },
  "Sparse Only": {
    "mrr": 0.37777777777777777,
    "p5": 0.07555555555555557,
    "ndcg10": 0.37777777777777777,
    "latency_ms": 1.0603490518532352,
    "category_breakdown": {
      "keyword": {
        "mrr": 0.6,
        "p5": 0.12000000000000001,
        "ndcg10": 0.6
      },
      "semantic": {
        "mrr": 0.32142857142857145,
        "p5": 0.0642857142857143,
        "ndcg10": 0.32142857142857145
      },
      "hybrid": {
        "mrr": 0.4166666666666667,
        "p5": 0.08333333333333333,
        "ndcg10": 0.4166666666666667
      }
    },
    "measurement": {
      "query_count": 45,
      "warmup_runs": 1,
      "measured_runs": 3,
      "measured_query_count": 135,
      "latency_ms": "mean per query across measured runs after warm-up"
    }
  },
  "Hybrid RRF": {
    "mrr": 0.9370370370370369,
    "p5": 0.2,
    "ndcg10": 0.9531730946825415,
    "latency_ms": 11.5120539407405,
    "category_breakdown": {
      "keyword": {
        "mrr": 1.0,
        "p5": 0.2,
        "ndcg10": 1.0
      },
      "semantic": {
        "mrr": 0.9166666666666666,
        "p5": 0.2,
        "ndcg10": 0.9379235538265327
      },
      "hybrid": {
        "mrr": 0.9583333333333334,
        "p5": 0.2,
        "ndcg10": 0.9692441461309548
      }
    },
    "measurement": {
      "query_count": 45,
      "warmup_runs": 1,
      "measured_runs": 3,
      "measured_query_count": 135,
      "latency_ms": "mean per query across measured runs after warm-up"
    }
  },
  "Hybrid + Rerank": {
    "mrr": 0.9333333333333331,
    "p5": 0.2,
    "ndcg10": 0.9502635446031757,
    "latency_ms": 17.972118570375844,
    "category_breakdown": {
      "keyword": {
        "mrr": 1.0,
        "p5": 0.2,
        "ndcg10": 1.0
      },
      "semantic": {
        "mrr": 0.9107142857142856,
        "p5": 0.2,
        "ndcg10": 0.9332474911989805
      },
      "hybrid": {
        "mrr": 0.9583333333333334,
        "p5": 0.2,
        "ndcg10": 0.9692441461309548
      }
    },
    "measurement": {
      "query_count": 45,
      "warmup_runs": 1,
      "measured_runs": 3,
      "measured_query_count": 135,
      "latency_ms": "mean per query across measured runs after warm-up"
    },
    "stage_latencies_ms": {
      "query_embedding": 0.011095718516403227,
      "dense_retrieval": 17.86651018518889,
      "sparse_retrieval": 2.2090381851845216,
      "rrf_fusion": 0.04554836296653809,
      "reranking": 0.04896430370401369
    }
  },
  "Hybrid + Rerank (Chunk=256)": {
    "mrr": 0.7796296296296296,
    "p5": 0.17777777777777778,
    "ndcg10": 0.8071881293063948,
    "latency_ms": 11.654756022220749,
    "category_breakdown": {
      "keyword": {
        "mrr": 0.9,
        "p5": 0.2,
        "ndcg10": 0.9261859507142916
      },
      "semantic": {
        "mrr": 0.7589285714285716,
        "p5": 0.17857142857142858,
        "ndcg10": 0.7925905737577252
      },
      "hybrid": {
        "mrr": 0.7777777777777777,
        "p5": 0.16666666666666666,
        "ndcg10": 0.7916666666666666
      }
    },
    "measurement": {
      "query_count": 45,
      "warmup_runs": 1,
      "measured_runs": 3,
      "measured_query_count": 135,
      "latency_ms": "mean per query across measured runs after warm-up"
    },
    "stage_latencies_ms": {
      "query_embedding": 0.011112103702207268,
      "dense_retrieval": 11.558525622220898,
      "sparse_retrieval": 1.500785051853705,
      "rrf_fusion": 0.0419196518527719,
      "reranking": 0.043198644444870565
    }
  }
}