{
  "Dense Only": {
    "mrr": 0.9555555555555556,
    "p5": 0.2,
    "ndcg10": 0.9671937558730185,
    "latency_ms": 13.373916229573767,
    "category_breakdown": {
      "keyword": {
        "mrr": 0.9,
        "p5": 0.2,
        "ndcg10": 0.9261859507142916
      },
      "semantic": {
        "mrr": 0.9821428571428571,
        "p5": 0.2,
        "ndcg10": 0.9868189197704091
      },
      "hybrid": {
        "mrr": 0.9166666666666666,
        "p5": 0.2,
        "ndcg10": 0.9384882922619097
      }
    },
    "measurement": {
      "query_count": 45,
      "warmup_runs": 1,
      "measured_runs": 3,
      "measured_query_count": 135,
      "latency_ms": "mean per query across measured runs after warm-up"
    }
  },
  "Sparse Only": {
    "mrr": 0.37777777777777777,
    "p5": 0.07555555555555557,
    "ndcg10": 0.37777777777777777,
    "latency_ms": 1.165393748400405,
    "category_breakdown": {
      "keyword": {
        "mrr": 0.6,
        "p5": 0.12000000000000001,
        "ndcg10": 0.6
      },
      "semantic": {
        "mrr": 0.32142857142857145,
        "p5": 0.0642857142857143,
        "ndcg10": 0.32142857142857145
      },
      "hybrid": {
        "mrr": 0.4166666666666667,
        "p5": 0.08333333333333333,
        "ndcg10": 0.4166666666666667
      }
    },
    "measurement": {
      "query_count": 45,
      "warmup_runs": 1,
      "measured_runs": 3,
      "measured_query_count": 135,
      "latency_ms": "mean per query across measured runs after warm-up"
    }
  },
  "Hybrid RRF": {
    "mrr": 0.9666666666666667,
    "p5": 0.2,
    "ndcg10": 0.9753953169047638,
    "latency_ms": 15.138626770176753,
    "category_breakdown": {
      "keyword": {
        "mrr": 1.0,
        "p5": 0.2,
        "ndcg10": 1.0
      },
      "semantic": {
        "mrr": 0.9821428571428571,
        "p5": 0.2,
        "ndcg10": 0.9868189197704091
      },
      "hybrid": {
        "mrr": 0.9166666666666666,
        "p5": 0.2,
        "ndcg10": 0.9384882922619097
      }
    },
    "measurement": {
      "query_count": 45,
      "warmup_runs": 1,
      "measured_runs": 3,
      "measured_query_count": 135,
      "latency_ms": "mean per query across measured runs after warm-up"
    }
  },
  "Hybrid + Rerank": {
    "mrr": 0.9666666666666667,
    "p5": 0.2,
    "ndcg10": 0.9753953169047638,
    "latency_ms": 13.643655836360132,
    "category_breakdown": {
      "keyword": {
        "mrr": 1.0,
        "p5": 0.2,
        "ndcg10": 1.0
      },
      "semantic": {
        "mrr": 0.9821428571428571,
        "p5": 0.2,
        "ndcg10": 0.9868189197704091
      },
      "hybrid": {
        "mrr": 0.9166666666666666,
        "p5": 0.2,
        "ndcg10": 0.9384882922619097
      }
    },
    "measurement": {
      "query_count": 45,
      "warmup_runs": 1,
      "measured_runs": 3,
      "measured_query_count": 135,
      "latency_ms": "mean per query across measured runs after warm-up"
    },
    "stage_latencies_ms": {
      "query_embedding": 0.18251717011918556,
      "dense_retrieval": 13.394338362774795,
      "sparse_retrieval": 1.472681540784564,
      "rrf_fusion": 0.031244829598883236,
      "reranking": 0.03555547386726916
    }
  },
  "Hybrid + Rerank (Chunk=256)": {
    "mrr": 0.7666666666666667,
    "p5": 0.17777777777777778,
    "ndcg10": 0.7986717175396896,
    "latency_ms": 27.987467599935673,
    "category_breakdown": {
      "keyword": {
        "mrr": 0.8,
        "p5": 0.2,
        "ndcg10": 0.852371901428583
      },
      "semantic": {
        "mrr": 0.75,
        "p5": 0.17857142857142858,
        "ndcg10": 0.7874085010204165
      },
      "hybrid": {
        "mrr": 0.7916666666666666,
        "p5": 0.16666666666666666,
        "ndcg10": 0.8025774794642881
      }
    },
    "measurement": {
      "query_count": 45,
      "warmup_runs": 1,
      "measured_runs": 3,
      "measured_query_count": 135,
      "latency_ms": "mean per query across measured runs after warm-up"
    },
    "stage_latencies_ms": {
      "query_embedding": 0.5281792443754427,
      "dense_retrieval": 27.19156091873258,
      "sparse_retrieval": 3.179349977559738,
      "rrf_fusion": 0.149754888843745,
      "reranking": 0.11797254798390593
    }
  }
}