{
  "Dense Only": {
    "mrr": 0.9555555555555556,
    "p5": 0.2,
    "ndcg10": 0.9671937558730185,
    "latency_ms": 1242.2208508880835,
    "category_breakdown": {
      "keyword": {
        "mrr": 0.9,
        "p5": 0.2,
        "ndcg10": 0.9261859507142916
      },
      "semantic": {
        "mrr": 0.9821428571428571,
        "p5": 0.2,
        "ndcg10": 0.9868189197704093
      },
      "hybrid": {
        "mrr": 0.9166666666666666,
        "p5": 0.20000000000000004,
        "ndcg10": 0.9384882922619097
      }
    }
  },
  "Sparse Only": {
    "mrr": 0.37777777777777777,
    "p5": 0.07555555555555557,
    "ndcg10": 0.37777777777777777,
    "latency_ms": 3.51593240047805,
    "category_breakdown": {
      "keyword": {
        "mrr": 0.6,
        "p5": 0.12000000000000002,
        "ndcg10": 0.6
      },
      "semantic": {
        "mrr": 0.32142857142857145,
        "p5": 0.0642857142857143,
        "ndcg10": 0.32142857142857145
      },
      "hybrid": {
        "mrr": 0.4166666666666667,
        "p5": 0.08333333333333333,
        "ndcg10": 0.4166666666666667
      }
    }
  },
  "Hybrid RRF": {
    "mrr": 0.9666666666666667,
    "p5": 0.2,
    "ndcg10": 0.9753953169047639,
    "latency_ms": 11.356231821991969,
    "category_breakdown": {
      "keyword": {
        "mrr": 1.0,
        "p5": 0.2,
        "ndcg10": 1.0
      },
      "semantic": {
        "mrr": 0.9821428571428571,
        "p5": 0.2,
        "ndcg10": 0.9868189197704093
      },
      "hybrid": {
        "mrr": 0.9166666666666666,
        "p5": 0.20000000000000004,
        "ndcg10": 0.9384882922619097
      }
    }
  },
  "Hybrid + Rerank": {
    "mrr": 0.9666666666666667,
    "p5": 0.2,
    "ndcg10": 0.9753953169047639,
    "latency_ms": 8.521579733092544,
    "category_breakdown": {
      "keyword": {
        "mrr": 1.0,
        "p5": 0.2,
        "ndcg10": 1.0
      },
      "semantic": {
        "mrr": 0.9821428571428571,
        "p5": 0.2,
        "ndcg10": 0.9868189197704093
      },
      "hybrid": {
        "mrr": 0.9166666666666666,
        "p5": 0.20000000000000004,
        "ndcg10": 0.9384882922619097
      }
    },
    "stage_latencies_ms": {
      "query_embedding": 0.14670322206155914,
      "dense_retrieval": 8.325997110417424,
      "sparse_retrieval": 1.13360640017264,
      "rrf_fusion": 0.024941912043787953,
      "reranking": 0.02393748856977456
    }
  },
  "Hybrid + Rerank (Chunk=512)": {
    "mrr": 0.9666666666666667,
    "p5": 0.2,
    "ndcg10": 0.9753953169047639,
    "latency_ms": 10.66536259911825,
    "category_breakdown": {
      "keyword": {
        "mrr": 1.0,
        "p5": 0.2,
        "ndcg10": 1.0
      },
      "semantic": {
        "mrr": 0.9821428571428571,
        "p5": 0.2,
        "ndcg10": 0.9868189197704093
      },
      "hybrid": {
        "mrr": 0.9166666666666666,
        "p5": 0.20000000000000004,
        "ndcg10": 0.9384882922619097
      }
    },
    "stage_latencies_ms": {
      "query_embedding": 0.16344128849191797,
      "dense_retrieval": 10.447915488879921,
      "sparse_retrieval": 1.3866379551473074,
      "rrf_fusion": 0.02787235587473131,
      "reranking": 0.026133465871680528
    }
  },
  "Hybrid + Rerank (Chunk=256)": {
    "mrr": 0.7666666666666667,
    "p5": 0.17777777777777778,
    "ndcg10": 0.7986717175396897,
    "latency_ms": 11.87819097637354,
    "category_breakdown": {
      "keyword": {
        "mrr": 0.8,
        "p5": 0.2,
        "ndcg10": 0.8523719014285831
      },
      "semantic": {
        "mrr": 0.75,
        "p5": 0.17857142857142858,
        "ndcg10": 0.7874085010204165
      },
      "hybrid": {
        "mrr": 0.7916666666666666,
        "p5": 0.16666666666666666,
        "ndcg10": 0.8025774794642881
      }
    },
    "stage_latencies_ms": {
      "query_embedding": 0.1758176215743232,
      "dense_retrieval": 11.625038599272052,
      "sparse_retrieval": 1.4322920671677113,
      "rrf_fusion": 0.03397764408469407,
      "reranking": 0.04335711144247196
    }
  }
}