{
  "Dense Only": {
    "mrr": 0.9370370370370371,
    "p5": 0.2,
    "ndcg10": 0.9531730946825416,
    "latency_ms": 829.0333933323078
  },
  "Sparse Only": {
    "mrr": 0.37777777777777777,
    "p5": 0.07555555555555557,
    "ndcg10": 0.37777777777777777,
    "latency_ms": 4.5863333332818
  },
  "Hybrid RRF": {
    "mrr": 0.9370370370370371,
    "p5": 0.2,
    "ndcg10": 0.9531730946825416,
    "latency_ms": 763.9722222245634
  },
  "Hybrid + Rerank": {
    "mrr": 0.9333333333333333,
    "p5": 0.2,
    "ndcg10": 0.9502635446031759,
    "latency_ms": 838.5262599984546
  },
  "Hybrid + Rerank (Chunk=512)": {
    "mrr": 0.9333333333333333,
    "p5": 0.2,
    "ndcg10": 0.9502635446031759,
    "latency_ms": 828.9177644454563
  }
}